usuario;senha
user1_ebac@teste.com.br;teste123
user2_ebac@teste.com.br;teste123
user3_ebac@teste.com.br;teste123
user4_ebac@teste.com.br;teste123
user5_ebac@teste.com.br;teste123
user6_ebac@teste.com.br;teste123
user7_ebac@teste.com.br;teste123
user8_ebac@teste.com.br;teste123
user9_ebac@teste.com.br;teste123
user10_ebac@teste.com.br;teste123
user11_ebac@teste.com.br;teste123
user12_ebac@teste.com.br;teste123
user13_ebac@teste.com.br;teste123
user14_ebac@teste.com.br;teste123
user15_ebac@teste.com.br;teste123
user16_ebac@teste.com.br;teste123
user17_ebac@teste.com.br;teste123
user18_ebac@teste.com.br;teste123
user19_ebac@teste.com.br;teste123
user20_ebac@teste.com.br;teste123
